url_path,views_total,views_unique
/tobbie/c-sharp-algorithms/tree/main/Patterns,3,1
/tobbie/c-sharp-algorithms,2,2
/tobbie/c-sharp-algorithms/blob/main/Algorithms/DynamicProgramming/Medium/JumpGame.cs,2,1
/tobbie/c-sharp-algorithms/blob/main/Algorithms/Greedy/Medium/TaskAssignment.cs,2,1
/tobbie/c-sharp-algorithms/blob/main/MicrosoftInterview/AngleClock.cs,2,1
/tobbie/c-sharp-algorithms/blob/main/MicrosoftInterview/BasicCalculator.cs,2,1
/tobbie/c-sharp-algorithms/blob/main/MicrosoftInterview/CinemaSeatAllocation.cs,2,1
/tobbie/c-sharp-algorithms/blob/main/MicrosoftInterview/FileSystem.cs,2,1
/tobbie/c-sharp-algorithms/blob/main/MicrosoftInterview/LFUCache.cs,2,1
/tobbie/c-sharp-algorithms/tree/main/Patterns/FastAndSlow,2,1
